[{"@type":"mappingTemplate","id":"@1","name":"Mapping_RESTV2","description":"","bundleVersion":"0","assetFrsGuid":"5nBT30NpS1chvcZNUBvUqm","templateId":"@3","deployTime":1734122023000,"hasParameters":false,"valid":true,"fixedConnection":true,"hasParametersDeployed":false,"fixedConnectionDeployed":true,"isSchemaValidationEnabled":false,"tasks":0,"mappingPreviewFileRecordId":"@2","documentType":"MAPPING","references":[{"@type":"reference","refObjectId":"@5ZlDtEOkGNUf69R5klsmyD","refType":"connection"},{"@type":"reference","refObjectId":"@icISYsG77izd1fM3KyqOyO","refType":"connection"}]}]